<?xml version="1.0" encoding="UTF-8"?>
<config xmlns="http://www.knime.org/2008/09/XMLConfig" xmlns:xsi="http://www.w3.org/2001/XMLSchema-instance" xsi:schemaLocation="http://www.knime.org/2008/09/XMLConfig http://www.knime.org/XMLConfig_2008_09.xsd" key="spec.xml">
<entry key="spec_name" type="xstring" value="default"/>
<entry key="number_columns" type="xint" value="1"/>
<config key="column_spec_0">
<entry key="column_name" type="xstring" value="Molecules"/>
<config key="element_names">
<entry key="array-size" type="xint" value="0"/>
</config>
<config key="column_type">
<entry key="cell_class" type="xstring" value="org.knime.core.data.def.StringCell"/>
</config>
<config key="column_domain">
<config key="possible_values">
<entry key="array-size" type="xint" value="5"/>
<config key="0">
<entry key="datacell" type="xstring" value="org.knime.core.data.def.StringCell"/>
<config key="org.knime.core.data.def.StringCell">
<entry key="StringCell" type="xstring" value="REMARK  Name = %%00010REMARK                            x       y       z     vdW  Elec       q    Type%%00010REMARK                         _______ _______ _______ _____ _____    ______ ____%%00010ROOT%%00010ATOM      1  C   LIG    1        0.679  -0.966   0.029  0.00  0.00    +0.167 C %%00010ENDROOT%%00010BRANCH   1   2%%00010ATOM      2  C   LIG    1       -0.827  -0.968   0.106  0.00  0.00    +0.060 A %%00010ATOM      3  C   LIG    1       -1.637  -0.083  -0.620  0.00  0.00    +0.013 A %%00010ATOM      4  C   LIG    1       -1.093   0.952  -1.561  0.00  0.00    +0.049 C %%00010ATOM      5  C   LIG    1       -3.017  -0.157  -0.386  0.00  0.00    +0.127 A %%00010ATOM      6  C   LIG    1       -3.561  -1.114   0.460  0.00  0.00    +0.065 A %%00010ATOM      7  C   LIG    1       -2.686  -1.955   1.110  0.00  0.00    +0.114 A %%00010ATOM      8  N   LIG    1       -1.347  -1.892   0.964  0.00  0.00    -0.258 NA%%00010BRANCH   5   9%%00010ATOM      9  O   LIG    1       -3.879   0.690  -1.032  0.00  0.00    -0.483 OA%%00010BRANCH   9  10%%00010ATOM     10  C   LIG    1       -4.090   1.893  -0.266  0.00  0.00    +0.342 C %%00010BRANCH  10  11%%00010ATOM     11  C   LIG    1       -5.553   2.058   0.108  0.00  0.00    +0.424 C %%00010ATOM     12  F   LIG    1       -5.739   3.212   0.793  0.00  0.00    -0.167 F %%00010ATOM     13  F   LIG    1       -5.986   1.049   0.897  0.00  0.00    -0.167 F %%00010ATOM     14  F   LIG    1       -6.350   2.105  -0.983  0.00  0.00    -0.167 F %%00010ENDBRANCH  10  11%%00010ENDBRANCH   9  10%%00010ENDBRANCH   5   9%%00010ENDBRANCH   1   2%%00010BRANCH   1  15%%00010ATOM     15  S   LIG    1        1.397   0.261   1.161  0.00  0.00    +0.095 S %%00010ATOM     16  O   LIG    1        1.120   1.646   0.643  0.00  0.00    -0.249 OA%%00010BRANCH  15  17%%00010ATOM     17  C   LIG    1        3.121  -0.050   0.738  0.00  0.00    +0.198 A %%00010ATOM     18  N   LIG    1        3.673  -1.237   0.618  0.00  0.00    -0.220 NA%%00010ATOM     19  C   LIG    1        4.984  -0.987   0.286  0.00  0.00    +0.090 A %%00010ATOM     20  C   LIG    1        6.032  -1.885   0.038  0.00  0.00    +0.030 A %%00010ATOM     21  C   LIG    1        7.293  -1.371  -0.291  0.00  0.00    +0.002 A %%00010ATOM     22  C   LIG    1        7.505   0.008  -0.373  0.00  0.00    +0.002 A %%00010ATOM     23  C   LIG    1        6.471   0.920  -0.129  0.00  0.00    +0.028 A %%00010ATOM     24  C   LIG    1        5.226   0.381   0.198  0.00  0.00    +0.067 A %%00010ATOM     25  N   LIG    1        4.018   0.954   0.493  0.00  0.00    -0.331 N %%00010ATOM     26  H   LIG    1        3.796   1.940   0.515  0.00  0.00    +0.168 HD%%00010ENDBRANCH  15  17%%00010ENDBRANCH   1  15%%00010TORSDOF 6"/>
</config>
</config>
<config key="1">
<entry key="datacell" type="xstring" value="org.knime.core.data.def.StringCell"/>
<config key="org.knime.core.data.def.StringCell">
<entry key="StringCell" type="xstring" value="REMARK  Name = %%00010REMARK                            x       y       z     vdW  Elec       q    Type%%00010REMARK                         _______ _______ _______ _____ _____    ______ ____%%00010ROOT%%00010ATOM      1  S   LIG    1        1.290   0.890  -0.434  0.00  0.00    +0.095 S %%00010ATOM      2  O   LIG    1        1.197   1.129  -1.915  0.00  0.00    -0.249 OA%%00010ENDROOT%%00010BRANCH   1   3%%00010ATOM      3  C   LIG    1        3.044   0.641  -0.115  0.00  0.00    +0.198 A %%00010ATOM      4  N   LIG    1        3.550   0.180   1.008  0.00  0.00    -0.220 NA%%00010ATOM      5  C   LIG    1        4.909   0.161   0.801  0.00  0.00    +0.090 A %%00010ATOM      6  C   LIG    1        5.942  -0.238   1.658  0.00  0.00    +0.033 A %%00010ATOM      7  C   LIG    1        7.269  -0.164   1.203  0.00  0.00    +0.048 A %%00010ATOM      8  C   LIG    1        7.565   0.299  -0.083  0.00  0.00    +0.122 A %%00010ATOM      9  C   LIG    1        6.537   0.702  -0.949  0.00  0.00    +0.073 A %%00010ATOM     10  C   LIG    1        5.228   0.619  -0.473  0.00  0.00    +0.070 A %%00010ATOM     11  N   LIG    1        4.016   0.920  -1.036  0.00  0.00    -0.331 N %%00010ATOM     12  H   LIG    1        3.840   1.272  -1.968  0.00  0.00    +0.168 HD%%00010BRANCH   8  13%%00010ATOM     13  O   LIG    1        8.820   0.410  -0.622  0.00  0.00    -0.495 OA%%00010ATOM     14  C   LIG    1        9.913   0.013   0.197  0.00  0.00    +0.277 C %%00010ENDBRANCH   8  13%%00010ENDBRANCH   1   3%%00010BRANCH   1  15%%00010ATOM     15  C   LIG    1        0.774  -0.812  -0.052  0.00  0.00    +0.167 C %%00010BRANCH  15  16%%00010ATOM     16  C   LIG    1       -0.726  -0.973  -0.082  0.00  0.00    +0.060 A %%00010ATOM     17  C   LIG    1       -1.570  -0.451   0.909  0.00  0.00    +0.014 A %%00010ATOM     18  C   LIG    1       -1.046   0.300   2.101  0.00  0.00    +0.049 C %%00010ATOM     19  C   LIG    1       -2.953  -0.622   0.725  0.00  0.00    +0.129 A %%00010ATOM     20  C   LIG    1       -3.458  -1.381  -0.332  0.00  0.00    +0.010 A %%00010ATOM     21  C   LIG    1       -4.920  -1.631  -0.526  0.00  0.00    +0.049 C %%00010ATOM     22  C   LIG    1       -2.535  -1.869  -1.239  0.00  0.00    +0.118 A %%00010ATOM     23  N   LIG    1       -1.203  -1.680  -1.141  0.00  0.00    -0.258 NA%%00010BRANCH  19  24%%00010ATOM     24  O   LIG    1       -3.830  -0.096   1.644  0.00  0.00    -0.494 OA%%00010ATOM     25  C   LIG    1       -4.214   1.226   1.261  0.00  0.00    +0.277 C %%00010ENDBRANCH  19  24%%00010ENDBRANCH  15  16%%00010ENDBRANCH   1  15%%00010TORSDOF 5"/>
</config>
</config>
<config key="2">
<entry key="datacell" type="xstring" value="org.knime.core.data.def.StringCell"/>
<config key="org.knime.core.data.def.StringCell">
<entry key="StringCell" type="xstring" value="REMARK  Name = %%00010REMARK                            x       y       z     vdW  Elec       q    Type%%00010REMARK                         _______ _______ _______ _____ _____    ______ ____%%00010ROOT%%00010ATOM      1  S   LIG    1        3.539  -2.902   0.581  0.00  0.00    +0.095 S %%00010ATOM      2  O   LIG    1        5.036  -3.037   0.523  0.00  0.00    -0.249 OA%%00010ENDROOT%%00010BRANCH   1   3%%00010ATOM      3  C   LIG    1        2.963  -3.246  -1.089  0.00  0.00    +0.198 A %%00010ATOM      4  N   LIG    1        3.785  -3.281  -2.181  0.00  0.00    -0.331 N %%00010ATOM      5  H   LIG    1        4.782  -3.121  -2.154  0.00  0.00    +0.168 HD%%00010ATOM      6  C   LIG    1        3.017  -3.559  -3.280  0.00  0.00    +0.067 A %%00010ATOM      7  C   LIG    1        3.319  -3.691  -4.635  0.00  0.00    +0.031 A %%00010ATOM      8  C   LIG    1        2.250  -3.987  -5.495  0.00  0.00    +0.048 A %%00010ATOM      9  C   LIG    1        0.946  -4.142  -5.014  0.00  0.00    +0.122 A %%00010ATOM     10  C   LIG    1        0.678  -4.005  -3.644  0.00  0.00    +0.075 A %%00010ATOM     11  C   LIG    1        1.732  -3.709  -2.768  0.00  0.00    +0.093 A %%00010ATOM     12  N   LIG    1        1.719  -3.534  -1.405  0.00  0.00    -0.220 NA%%00010BRANCH   9  13%%00010ATOM     13  O   LIG    1       -0.158  -4.429  -5.774  0.00  0.00    -0.495 OA%%00010ATOM     14  C   LIG    1        0.045  -4.592  -7.172  0.00  0.00    +0.277 C %%00010ENDBRANCH   9  13%%00010ENDBRANCH   1   3%%00010BRANCH   1  15%%00010ATOM     15  C   LIG    1        3.162  -1.120   0.628  0.00  0.00    +0.167 C %%00010BRANCH  15  18%%00010ATOM     16  C   LIG    1        0.387   0.291  -1.300  0.00  0.00    +0.118 A %%00010ATOM     17  N   LIG    1        1.626  -0.038  -0.877  0.00  0.00    -0.258 NA%%00010ATOM     18  C   LIG    1        1.745  -0.755   0.274  0.00  0.00    +0.060 A %%00010ATOM     19  C   LIG    1        0.636  -1.122   1.047  0.00  0.00    +0.014 A %%00010ATOM     20  C   LIG    1       -0.631  -0.810   0.527  0.00  0.00    +0.129 A %%00010ATOM     21  C   LIG    1        0.765  -1.868   2.344  0.00  0.00    +0.049 C %%00010ATOM     22  C   LIG    1       -0.777  -0.053  -0.636  0.00  0.00    +0.010 A %%00010ATOM     23  C   LIG    1       -2.110   0.336  -1.191  0.00  0.00    +0.049 C %%00010BRANCH  20  24%%00010ATOM     24  O   LIG    1       -1.759  -1.208   1.207  0.00  0.00    -0.494 OA%%00010ATOM     25  C   LIG    1       -2.171  -2.501   0.753  0.00  0.00    +0.277 C %%00010ENDBRANCH  20  24%%00010ENDBRANCH  15  18%%00010ENDBRANCH   1  15%%00010TORSDOF 5"/>
</config>
</config>
<config key="3">
<entry key="datacell" type="xstring" value="org.knime.core.data.def.StringCell"/>
<config key="org.knime.core.data.def.StringCell">
<entry key="StringCell" type="xstring" value="REMARK  Name = %%00010REMARK                            x       y       z     vdW  Elec       q    Type%%00010REMARK                         _______ _______ _______ _____ _____    ______ ____%%00010ROOT%%00010ATOM      1  C   LIG    1        0.475   0.120  -2.441  0.00  0.00    +0.198 A %%00010ATOM      2  N   LIG    1        1.020   1.159  -3.035  0.00  0.00    -0.220 NA%%00010ATOM      3  C   LIG    1        0.015   1.692  -3.806  0.00  0.00    +0.090 A %%00010ATOM      4  C   LIG    1        0.032   2.804  -4.657  0.00  0.00    +0.033 A %%00010ATOM      5  C   LIG    1       -1.144   3.154  -5.343  0.00  0.00    +0.048 A %%00010ATOM      6  C   LIG    1       -2.320   2.414  -5.177  0.00  0.00    +0.129 A %%00010ATOM      7  C   LIG    1       -2.343   1.289  -4.339  0.00  0.00    +0.073 A %%00010ATOM      8  C   LIG    1       -1.161   0.964  -3.670  0.00  0.00    +0.070 A %%00010ATOM      9  N   LIG    1       -0.838  -0.038  -2.794  0.00  0.00    -0.331 N %%00010ATOM     10  H   LIG    1       -1.442  -0.767  -2.439  0.00  0.00    +0.168 HD%%00010ENDROOT%%00010BRANCH   1  11%%00010ATOM     11  S   LIG    1        1.315  -0.986  -1.294  0.00  0.00    +0.095 S %%00010ATOM     12  O   LIG    1        0.209  -1.740  -0.608  0.00  0.00    -0.249 OA%%00010BRANCH  11  13%%00010ATOM     13  C   LIG    1        1.949   0.313  -0.190  0.00  0.00    +0.171 C %%00010BRANCH  13  14%%00010ATOM     14  C   LIG    1        2.761  -0.250   0.946  0.00  0.00    +0.099 A %%00010ATOM     15  C   LIG    1        4.011  -0.836   0.722  0.00  0.00    +0.184 A %%00010ATOM     16  C   LIG    1        4.680  -1.383   1.819  0.00  0.00    +0.165 A %%00010ATOM     17  C   LIG    1        4.156  -1.248   3.099  0.00  0.00    +0.069 A %%00010ATOM     18  C   LIG    1        2.937  -0.613   3.234  0.00  0.00    +0.115 A %%00010ATOM     19  N   LIG    1        2.231  -0.119   2.195  0.00  0.00    -0.255 NA%%00010BRANCH  16  20%%00010ATOM     20  O   LIG    1        5.879  -2.037   1.701  0.00  0.00    -0.491 OA%%00010ATOM     21  C   LIG    1        5.665  -3.372   1.236  0.00  0.00    +0.277 C %%00010ENDBRANCH  16  20%%00010BRANCH  15  22%%00010ATOM     22  O   LIG    1        4.486  -0.885  -0.561  0.00  0.00    -0.490 OA%%00010ATOM     23  C   LIG    1        5.788  -0.312  -0.691  0.00  0.00    +0.277 C %%00010ENDBRANCH  15  22%%00010ENDBRANCH  13  14%%00010ENDBRANCH  11  13%%00010ENDBRANCH   1  11%%00010BRANCH   6  24%%00010ATOM     24  O   LIG    1       -3.514   2.670  -5.798  0.00  0.00    -0.434 OA%%00010BRANCH  24  25%%00010ATOM     25  C   LIG    1       -3.675   3.967  -6.347  0.00  0.00    +0.541 C %%00010ATOM     26  F   LIG    1       -4.981   4.098  -6.695  0.00  0.00    -0.166 F %%00010ATOM     27  F   LIG    1       -2.958   4.057  -7.495  0.00  0.00    -0.166 F %%00010ENDBRANCH  24  25%%00010ENDBRANCH   6  24%%00010TORSDOF 7"/>
</config>
</config>
<config key="4">
<entry key="datacell" type="xstring" value="org.knime.core.data.def.StringCell"/>
<config key="org.knime.core.data.def.StringCell">
<entry key="StringCell" type="xstring" value="REMARK  Name = %%00010REMARK                            x       y       z     vdW  Elec       q    Type%%00010REMARK                         _______ _______ _______ _____ _____    ______ ____%%00010ROOT%%00010ATOM      1  C   LIG    1        0.959  -0.980   0.166  0.00  0.00    +0.167 C %%00010ENDROOT%%00010BRANCH   1   2%%00010ATOM      2  C   LIG    1       -0.535  -0.851   0.323  0.00  0.00    +0.060 A %%00010ATOM      3  C   LIG    1       -1.315   0.033  -0.436  0.00  0.00    +0.013 A %%00010ATOM      4  C   LIG    1       -0.749   0.947  -1.485  0.00  0.00    +0.049 C %%00010ATOM      5  C   LIG    1       -2.682   0.091  -0.131  0.00  0.00    +0.127 A %%00010ATOM      6  C   LIG    1       -3.247  -0.745   0.823  0.00  0.00    +0.065 A %%00010ATOM      7  C   LIG    1       -2.404  -1.595   1.500  0.00  0.00    +0.114 A %%00010ATOM      8  N   LIG    1       -1.074  -1.655   1.284  0.00  0.00    -0.258 NA%%00010BRANCH   5   9%%00010ATOM      9  O   LIG    1       -3.501   0.945  -0.826  0.00  0.00    -0.492 OA%%00010BRANCH   9  10%%00010ATOM     10  C   LIG    1       -3.765   2.125  -0.053  0.00  0.00    +0.231 C %%00010BRANCH  10  11%%00010ATOM     11  C   LIG    1       -4.481   3.124  -0.950  0.00  0.00    +0.069 C %%00010BRANCH  11  12%%00010ATOM     12  C   LIG    1       -4.792   4.417  -0.213  0.00  0.00    +0.163 C %%00010BRANCH  12  13%%00010ATOM     13  O   LIG    1       -5.468   5.295  -1.110  0.00  0.00    -0.383 OA%%00010ATOM     14  C   LIG    1       -5.787   6.535  -0.493  0.00  0.00    +0.193 C %%00010ENDBRANCH  12  13%%00010ENDBRANCH  11  12%%00010ENDBRANCH  10  11%%00010ENDBRANCH   9  10%%00010ENDBRANCH   5   9%%00010ENDBRANCH   1   2%%00010BRANCH   1  15%%00010ATOM     15  S   LIG    1        1.839   0.268   1.152  0.00  0.00    +0.095 S %%00010ATOM     16  O   LIG    1        1.665   1.623   0.522  0.00  0.00    -0.249 OA%%00010BRANCH  15  17%%00010ATOM     17  C   LIG    1        3.505  -0.240   0.688  0.00  0.00    +0.198 A %%00010ATOM     18  N   LIG    1        3.951  -1.477   0.682  0.00  0.00    -0.220 NA%%00010ATOM     19  C   LIG    1        5.256  -1.382   0.260  0.00  0.00    +0.090 A %%00010ATOM     20  C   LIG    1        6.212  -2.390   0.070  0.00  0.00    +0.030 A %%00010ATOM     21  C   LIG    1        7.489  -2.028  -0.378  0.00  0.00    +0.002 A %%00010ATOM     22  C   LIG    1        7.808  -0.691  -0.630  0.00  0.00    +0.002 A %%00010ATOM     23  C   LIG    1        6.868   0.329  -0.446  0.00  0.00    +0.028 A %%00010ATOM     24  C   LIG    1        5.604  -0.059   0.001  0.00  0.00    +0.067 A %%00010ATOM     25  N   LIG    1        4.465   0.647   0.285  0.00  0.00    -0.331 N %%00010ATOM     26  H   LIG    1        4.325   1.645   0.202  0.00  0.00    +0.168 HD%%00010ENDBRANCH  15  17%%00010ENDBRANCH   1  15%%00010TORSDOF 8"/>
</config>
</config>
</config>
</config>
<config key="column_properties"/>
</config>
</config>
