<?xml version="1.0" encoding="UTF-8"?>
<config xmlns="http://www.knime.org/2008/09/XMLConfig" xmlns:xsi="http://www.w3.org/2001/XMLSchema-instance" xsi:schemaLocation="http://www.knime.org/2008/09/XMLConfig http://www.knime.org/XMLConfig_2008_09.xsd" key="spec.xml">
<entry key="spec_name" type="xstring" value="default"/>
<entry key="number_columns" type="xint" value="3"/>
<config key="column_spec_0">
<entry key="column_name" type="xstring" value="0"/>
<config key="element_names">
<entry key="array-size" type="xint" value="0"/>
</config>
<config key="column_type">
<entry key="cell_class" type="xstring" value="org.knime.core.data.def.StringCell"/>
</config>
<config key="column_domain">
<config key="possible_values">
<entry key="array-size" type="xint" value="5"/>
<config key="0">
<entry key="datacell" type="xstring" value="org.knime.core.data.def.StringCell"/>
<config key="org.knime.core.data.def.StringCell">
<entry key="StringCell" type="xstring" value="rabeprazole"/>
</config>
</config>
<config key="1">
<entry key="datacell" type="xstring" value="org.knime.core.data.def.StringCell"/>
<config key="org.knime.core.data.def.StringCell">
<entry key="StringCell" type="xstring" value="lansoprazole"/>
</config>
</config>
<config key="2">
<entry key="datacell" type="xstring" value="org.knime.core.data.def.StringCell"/>
<config key="org.knime.core.data.def.StringCell">
<entry key="StringCell" type="xstring" value="esomeprazole"/>
</config>
</config>
<config key="3">
<entry key="datacell" type="xstring" value="org.knime.core.data.def.StringCell"/>
<config key="org.knime.core.data.def.StringCell">
<entry key="StringCell" type="xstring" value="pantoprazole"/>
</config>
</config>
<config key="4">
<entry key="datacell" type="xstring" value="org.knime.core.data.def.StringCell"/>
<config key="org.knime.core.data.def.StringCell">
<entry key="StringCell" type="xstring" value="omeprazole"/>
</config>
</config>
</config>
</config>
<config key="column_properties"/>
</config>
<config key="column_spec_1">
<entry key="column_name" type="xstring" value="1"/>
<config key="element_names">
<entry key="array-size" type="xint" value="0"/>
</config>
<config key="column_type">
<entry key="cell_class" type="xstring" value="org.knime.core.data.def.StringCell"/>
</config>
<config key="column_domain">
<config key="possible_values">
<entry key="array-size" type="xint" value="5"/>
<config key="0">
<entry key="datacell" type="xstring" value="org.knime.core.data.def.StringCell"/>
<config key="org.knime.core.data.def.StringCell">
<entry key="StringCell" type="xstring" value="MODEL 1%%00010REMARK VINA RESULT:      -8.1      0.000      0.000%%00010REMARK  Name = %%00010REMARK                            x       y       z     vdW  Elec       q    Type%%00010REMARK                         _______ _______ _______ _____ _____    ______ ____%%00010ROOT%%00010ATOM      1  C   LIG    1       14.021  22.141   8.198  0.00  0.00    +0.167 C %%00010ENDROOT%%00010BRANCH   1   2%%00010ATOM      2  C   LIG    1       12.857  22.683   7.409  0.00  0.00    +0.060 A %%00010ATOM      3  C   LIG    1       12.331  23.969   7.598  0.00  0.00    +0.013 A %%00010ATOM      4  C   LIG    1       12.868  24.944   8.606  0.00  0.00    +0.049 C %%00010ATOM      5  C   LIG    1       11.203  24.309   6.838  0.00  0.00    +0.127 A %%00010ATOM      6  C   LIG    1       10.683  23.441   5.887  0.00  0.00    +0.065 A %%00010ATOM      7  C   LIG    1       11.281  22.209   5.758  0.00  0.00    +0.114 A %%00010ATOM      8  N   LIG    1       12.335  21.811   6.499  0.00  0.00    -0.258 NA%%00010BRANCH   5   9%%00010ATOM      9  O   LIG    1       10.629  25.547   6.983  0.00  0.00    -0.492 OA%%00010BRANCH   9  10%%00010ATOM     10  C   LIG    1        9.484  25.671   6.128  0.00  0.00    +0.231 C %%00010BRANCH  10  11%%00010ATOM     11  C   LIG    1        9.348  27.134   5.733  0.00  0.00    +0.069 C %%00010BRANCH  11  12%%00010ATOM     12  C   LIG    1        8.427  27.888   6.680  0.00  0.00    +0.163 C %%00010BRANCH  12  13%%00010ATOM     13  O   LIG    1        9.224  28.738   7.501  0.00  0.00    -0.383 OA%%00010ATOM     14  C   LIG    1        9.208  28.323   8.860  0.00  0.00    +0.193 C %%00010ENDBRANCH  12  13%%00010ENDBRANCH  11  12%%00010ENDBRANCH  10  11%%00010ENDBRANCH   9  10%%00010ENDBRANCH   5   9%%00010ENDBRANCH   1   2%%00010BRANCH   1  15%%00010ATOM     15  S   LIG    1       15.602  22.494   7.373  0.00  0.00    +0.095 S %%00010ATOM     16  O   LIG    1       15.562  23.874   6.775  0.00  0.00    -0.249 OA%%00010BRANCH  15  17%%00010ATOM     17  C   LIG    1       15.358  21.383   5.975  0.00  0.00    +0.198 A %%00010ATOM     18  N   LIG    1       15.416  20.071   6.024  0.00  0.00    -0.220 NA%%00010ATOM     19  C   LIG    1       15.163  19.655   4.738  0.00  0.00    +0.090 A %%00010ATOM     20  C   LIG    1       15.103  18.357   4.212  0.00  0.00    +0.030 A %%00010ATOM     21  C   LIG    1       14.819  18.198   2.849  0.00  0.00    +0.002 A %%00010ATOM     22  C   LIG    1       14.602  19.307   2.028  0.00  0.00    +0.002 A %%00010ATOM     23  C   LIG    1       14.659  20.610   2.534  0.00  0.00    +0.028 A %%00010ATOM     24  C   LIG    1       14.943  20.740   3.895  0.00  0.00    +0.067 A %%00010ATOM     25  N   LIG    1       15.075  21.831   4.713  0.00  0.00    -0.331 N %%00010ATOM     26  H   LIG    1       14.969  22.804   4.461  0.00  0.00    +0.168 HD%%00010ENDBRANCH  15  17%%00010ENDBRANCH   1  15%%00010TORSDOF 8%%00010ENDMDL%%00010"/>
</config>
</config>
<config key="1">
<entry key="datacell" type="xstring" value="org.knime.core.data.def.StringCell"/>
<config key="org.knime.core.data.def.StringCell">
<entry key="StringCell" type="xstring" value="MODEL 1%%00010REMARK VINA RESULT:      -8.8      0.000      0.000%%00010REMARK  Name = %%00010REMARK                            x       y       z     vdW  Elec       q    Type%%00010REMARK                         _______ _______ _______ _____ _____    ______ ____%%00010ROOT%%00010ATOM      1  C   LIG    1       14.147  22.009   8.248  0.00  0.00    +0.167 C %%00010ENDROOT%%00010BRANCH   1   2%%00010ATOM      2  C   LIG    1       12.975  22.569   7.482  0.00  0.00    +0.060 A %%00010ATOM      3  C   LIG    1       12.494  23.875   7.653  0.00  0.00    +0.013 A %%00010ATOM      4  C   LIG    1       13.103  24.860   8.608  0.00  0.00    +0.049 C %%00010ATOM      5  C   LIG    1       11.350  24.226   6.924  0.00  0.00    +0.127 A %%00010ATOM      6  C   LIG    1       10.770  23.351   6.015  0.00  0.00    +0.065 A %%00010ATOM      7  C   LIG    1       11.329  22.098   5.899  0.00  0.00    +0.114 A %%00010ATOM      8  N   LIG    1       12.395  21.689   6.615  0.00  0.00    -0.258 NA%%00010BRANCH   5   9%%00010ATOM      9  O   LIG    1       10.798  25.473   7.053  0.00  0.00    -0.483 OA%%00010BRANCH   9  10%%00010ATOM     10  C   LIG    1        9.590  25.422   7.839  0.00  0.00    +0.342 C %%00010BRANCH  10  11%%00010ATOM     11  C   LIG    1        9.682  26.336   9.049  0.00  0.00    +0.424 C %%00010ATOM     12  F   LIG    1       10.647  27.269   8.865  0.00  0.00    -0.167 F %%00010ATOM     13  F   LIG    1        9.995  25.651  10.172  0.00  0.00    -0.167 F %%00010ATOM     14  F   LIG    1        8.523  26.994   9.273  0.00  0.00    -0.167 F %%00010ENDBRANCH  10  11%%00010ENDBRANCH   9  10%%00010ENDBRANCH   5   9%%00010ENDBRANCH   1   2%%00010BRANCH   1  15%%00010ATOM     15  S   LIG    1       15.717  22.363   7.405  0.00  0.00    +0.095 S %%00010ATOM     16  O   LIG    1       15.703  23.776   6.887  0.00  0.00    -0.249 OA%%00010BRANCH  15  17%%00010ATOM     17  C   LIG    1       15.409  21.340   5.954  0.00  0.00    +0.198 A %%00010ATOM     18  N   LIG    1       15.274  21.785   4.724  0.00  0.00    -0.220 NA%%00010ATOM     19  C   LIG    1       15.059  20.660   3.962  0.00  0.00    +0.090 A %%00010ATOM     20  C   LIG    1       14.849  20.541   2.580  0.00  0.00    +0.030 A %%00010ATOM     21  C   LIG    1       14.656  19.264   2.038  0.00  0.00    +0.002 A %%00010ATOM     22  C   LIG    1       14.674  18.130   2.854  0.00  0.00    +0.002 A %%00010ATOM     23  C   LIG    1       14.883  18.228   4.235  0.00  0.00    +0.028 A %%00010ATOM     24  C   LIG    1       15.070  19.512   4.749  0.00  0.00    +0.067 A %%00010ATOM     25  N   LIG    1       15.295  19.978   6.016  0.00  0.00    -0.331 N %%00010ATOM     26  H   LIG    1       15.383  19.433   6.863  0.00  0.00    +0.168 HD%%00010ENDBRANCH  15  17%%00010ENDBRANCH   1  15%%00010TORSDOF 6%%00010ENDMDL%%00010"/>
</config>
</config>
<config key="2">
<entry key="datacell" type="xstring" value="org.knime.core.data.def.StringCell"/>
<config key="org.knime.core.data.def.StringCell">
<entry key="StringCell" type="xstring" value="MODEL 1%%00010REMARK VINA RESULT:      -7.9      0.000      0.000%%00010REMARK  Name = %%00010REMARK                            x       y       z     vdW  Elec       q    Type%%00010REMARK                         _______ _______ _______ _____ _____    ______ ____%%00010ROOT%%00010ATOM      1  S   LIG    1       13.473  22.869   8.171  0.00  0.00    +0.095 S %%00010ATOM      2  O   LIG    1       14.599  22.590   9.128  0.00  0.00    -0.249 OA%%00010ENDROOT%%00010BRANCH   1   3%%00010ATOM      3  C   LIG    1       13.906  21.997   6.657  0.00  0.00    +0.198 A %%00010ATOM      4  N   LIG    1       13.674  22.495   5.404  0.00  0.00    -0.331 N %%00010ATOM      5  H   LIG    1       13.245  23.389   5.213  0.00  0.00    +0.168 HD%%00010ATOM      6  C   LIG    1       14.117  21.573   4.494  0.00  0.00    +0.067 A %%00010ATOM      7  C   LIG    1       14.114  21.545   3.100  0.00  0.00    +0.031 A %%00010ATOM      8  C   LIG    1       14.665  20.408   2.489  0.00  0.00    +0.048 A %%00010ATOM      9  C   LIG    1       15.191  19.355   3.245  0.00  0.00    +0.122 A %%00010ATOM     10  C   LIG    1       15.181  19.417   4.646  0.00  0.00    +0.075 A %%00010ATOM     11  C   LIG    1       14.634  20.545   5.275  0.00  0.00    +0.093 A %%00010ATOM     12  N   LIG    1       14.517  20.833   6.614  0.00  0.00    -0.220 NA%%00010BRANCH   9  13%%00010ATOM     13  O   LIG    1       15.747  18.208   2.740  0.00  0.00    -0.495 OA%%00010ATOM     14  C   LIG    1       17.033  18.322   2.144  0.00  0.00    +0.277 C %%00010ENDBRANCH   9  13%%00010ENDBRANCH   1   3%%00010BRANCH   1  15%%00010ATOM     15  C   LIG    1       13.692  24.573   7.566  0.00  0.00    +0.167 C %%00010BRANCH  15  18%%00010ATOM     16  C   LIG    1       11.121  25.791   5.260  0.00  0.00    +0.118 A %%00010ATOM     17  N   LIG    1       12.250  25.244   5.759  0.00  0.00    -0.258 NA%%00010ATOM     18  C   LIG    1       12.432  25.258   7.108  0.00  0.00    +0.060 A %%00010ATOM     19  C   LIG    1       11.513  25.852   7.982  0.00  0.00    +0.014 A %%00010ATOM     20  C   LIG    1       10.327  26.348   7.415  0.00  0.00    +0.129 A %%00010ATOM     21  C   LIG    1       11.733  25.915   9.466  0.00  0.00    +0.049 C %%00010ATOM     22  C   LIG    1       10.131  26.369   6.034  0.00  0.00    +0.010 A %%00010ATOM     23  C   LIG    1        8.901  26.932   5.396  0.00  0.00    +0.049 C %%00010BRANCH  20  24%%00010ATOM     24  O   LIG    1        9.356  26.879   8.233  0.00  0.00    -0.494 OA%%00010ATOM     25  C   LIG    1        9.554  28.289   8.372  0.00  0.00    +0.277 C %%00010ENDBRANCH  20  24%%00010ENDBRANCH  15  18%%00010ENDBRANCH   1  15%%00010TORSDOF 5%%00010ENDMDL%%00010"/>
</config>
</config>
<config key="3">
<entry key="datacell" type="xstring" value="org.knime.core.data.def.StringCell"/>
<config key="org.knime.core.data.def.StringCell">
<entry key="StringCell" type="xstring" value="MODEL 1%%00010REMARK VINA RESULT:      -8.0      0.000      0.000%%00010REMARK  Name = %%00010REMARK                            x       y       z     vdW  Elec       q    Type%%00010REMARK                         _______ _______ _______ _____ _____    ______ ____%%00010ROOT%%00010ATOM      1  C   LIG    1       12.758  23.319   4.310  0.00  0.00    +0.198 A %%00010ATOM      2  N   LIG    1       13.161  22.578   5.319  0.00  0.00    -0.220 NA%%00010ATOM      3  C   LIG    1       13.839  21.532   4.740  0.00  0.00    +0.090 A %%00010ATOM      4  C   LIG    1       14.475  20.436   5.336  0.00  0.00    +0.033 A %%00010ATOM      5  C   LIG    1       15.111  19.489   4.515  0.00  0.00    +0.048 A %%00010ATOM      6  C   LIG    1       15.123  19.636   3.124  0.00  0.00    +0.129 A %%00010ATOM      7  C   LIG    1       14.475  20.722   2.516  0.00  0.00    +0.073 A %%00010ATOM      8  C   LIG    1       13.850  21.647   3.355  0.00  0.00    +0.070 A %%00010ATOM      9  N   LIG    1       13.149  22.797   3.106  0.00  0.00    -0.331 N %%00010ATOM     10  H   LIG    1       12.954  23.220   2.209  0.00  0.00    +0.168 HD%%00010ENDROOT%%00010BRANCH   1  11%%00010ATOM     11  S   LIG    1       11.808  24.843   4.448  0.00  0.00    +0.095 S %%00010ATOM     12  O   LIG    1       12.807  25.879   4.886  0.00  0.00    -0.249 OA%%00010BRANCH  11  13%%00010ATOM     13  C   LIG    1       10.800  24.323   5.870  0.00  0.00    +0.171 C %%00010BRANCH  13  14%%00010ATOM     14  C   LIG    1       10.845  25.320   6.997  0.00  0.00    +0.099 A %%00010ATOM     15  C   LIG    1        9.875  26.321   7.117  0.00  0.00    +0.184 A %%00010ATOM     16  C   LIG    1       10.014  27.241   8.159  0.00  0.00    +0.165 A %%00010ATOM     17  C   LIG    1       11.029  27.090   9.097  0.00  0.00    +0.069 A %%00010ATOM     18  C   LIG    1       11.915  26.045   8.927  0.00  0.00    +0.115 A %%00010ATOM     19  N   LIG    1       11.850  25.167   7.904  0.00  0.00    -0.255 NA%%00010BRANCH  16  20%%00010ATOM     20  O   LIG    1        9.158  28.297   8.329  0.00  0.00    -0.491 OA%%00010ATOM     21  C   LIG    1        8.193  27.988   9.338  0.00  0.00    +0.277 C %%00010ENDBRANCH  16  20%%00010BRANCH  15  22%%00010ATOM     22  O   LIG    1        8.875  26.373   6.184  0.00  0.00    -0.490 OA%%00010ATOM     23  C   LIG    1        9.080  27.398   5.211  0.00  0.00    +0.277 C %%00010ENDBRANCH  15  22%%00010ENDBRANCH  13  14%%00010ENDBRANCH  11  13%%00010ENDBRANCH   1  11%%00010BRANCH   6  24%%00010ATOM     24  O   LIG    1       15.711  18.772   2.238  0.00  0.00    -0.434 OA%%00010BRANCH  24  25%%00010ATOM     25  C   LIG    1       16.799  18.008   2.730  0.00  0.00    +0.541 C %%00010ATOM     26  F   LIG    1       17.904  18.794   2.670  0.00  0.00    -0.166 F %%00010ATOM     27  F   LIG    1       17.023  16.963   1.895  0.00  0.00    -0.166 F %%00010ENDBRANCH  24  25%%00010ENDBRANCH   6  24%%00010TORSDOF 7%%00010ENDMDL%%00010"/>
</config>
</config>
<config key="4">
<entry key="datacell" type="xstring" value="org.knime.core.data.def.StringCell"/>
<config key="org.knime.core.data.def.StringCell">
<entry key="StringCell" type="xstring" value="MODEL 1%%00010REMARK VINA RESULT:      -8.1      0.000      0.000%%00010REMARK  Name = %%00010REMARK                            x       y       z     vdW  Elec       q    Type%%00010REMARK                         _______ _______ _______ _____ _____    ______ ____%%00010ROOT%%00010ATOM      1  S   LIG    1       12.663  22.312   7.093  0.00  0.00    +0.095 S %%00010ATOM      2  O   LIG    1       11.673  21.564   6.245  0.00  0.00    -0.249 OA%%00010ENDROOT%%00010BRANCH   1   3%%00010ATOM      3  C   LIG    1       11.886  23.904   7.414  0.00  0.00    +0.198 A %%00010ATOM      4  N   LIG    1       12.120  24.662   8.463  0.00  0.00    -0.220 NA%%00010ATOM      5  C   LIG    1       11.314  25.762   8.291  0.00  0.00    +0.090 A %%00010ATOM      6  C   LIG    1       11.154  26.893   9.101  0.00  0.00    +0.033 A %%00010ATOM      7  C   LIG    1       10.257  27.896   8.697  0.00  0.00    +0.048 A %%00010ATOM      8  C   LIG    1        9.531  27.778   7.508  0.00  0.00    +0.122 A %%00010ATOM      9  C   LIG    1        9.684  26.648   6.690  0.00  0.00    +0.073 A %%00010ATOM     10  C   LIG    1       10.581  25.666   7.113  0.00  0.00    +0.070 A %%00010ATOM     11  N   LIG    1       10.966  24.467   6.573  0.00  0.00    -0.331 N %%00010ATOM     12  H   LIG    1       10.654  24.055   5.703  0.00  0.00    +0.168 HD%%00010BRANCH   8  13%%00010ATOM     13  O   LIG    1        8.635  28.695   7.025  0.00  0.00    -0.495 OA%%00010ATOM     14  C   LIG    1        7.716  28.244   6.037  0.00  0.00    +0.277 C %%00010ENDBRANCH   8  13%%00010ENDBRANCH   1   3%%00010BRANCH   1  15%%00010ATOM     15  C   LIG    1       14.007  22.953   6.048  0.00  0.00    +0.167 C %%00010BRANCH  15  16%%00010ATOM     16  C   LIG    1       14.320  22.033   4.894  0.00  0.00    +0.060 A %%00010ATOM     17  C   LIG    1       15.081  20.863   5.035  0.00  0.00    +0.014 A %%00010ATOM     18  C   LIG    1       15.668  20.437   6.351  0.00  0.00    +0.049 C %%00010ATOM     19  C   LIG    1       15.245  20.066   3.889  0.00  0.00    +0.129 A %%00010ATOM     20  C   LIG    1       14.775  20.480   2.641  0.00  0.00    +0.010 A %%00010ATOM     21  C   LIG    1       14.981  19.684   1.391  0.00  0.00    +0.049 C %%00010ATOM     22  C   LIG    1       14.057  21.662   2.612  0.00  0.00    +0.118 A %%00010ATOM     23  N   LIG    1       13.819  22.431   3.694  0.00  0.00    -0.258 NA%%00010BRANCH  19  24%%00010ATOM     24  O   LIG    1       15.947  18.887   3.977  0.00  0.00    -0.494 OA%%00010ATOM     25  C   LIG    1       15.050  17.788   4.148  0.00  0.00    +0.277 C %%00010ENDBRANCH  19  24%%00010ENDBRANCH  15  16%%00010ENDBRANCH   1  15%%00010TORSDOF 5%%00010ENDMDL%%00010"/>
</config>
</config>
</config>
</config>
<config key="column_properties"/>
</config>
<config key="column_spec_2">
<entry key="column_name" type="xstring" value="2"/>
<config key="element_names">
<entry key="array-size" type="xint" value="0"/>
</config>
<config key="column_type">
<entry key="cell_class" type="xstring" value="org.knime.core.data.def.StringCell"/>
</config>
<config key="column_domain">
<config key="possible_values">
<entry key="array-size" type="xint" value="4"/>
<config key="0">
<entry key="datacell" type="xstring" value="org.knime.core.data.def.StringCell"/>
<config key="org.knime.core.data.def.StringCell">
<entry key="StringCell" type="xstring" value="-8.1"/>
</config>
</config>
<config key="1">
<entry key="datacell" type="xstring" value="org.knime.core.data.def.StringCell"/>
<config key="org.knime.core.data.def.StringCell">
<entry key="StringCell" type="xstring" value="-8.8"/>
</config>
</config>
<config key="2">
<entry key="datacell" type="xstring" value="org.knime.core.data.def.StringCell"/>
<config key="org.knime.core.data.def.StringCell">
<entry key="StringCell" type="xstring" value="-7.9"/>
</config>
</config>
<config key="3">
<entry key="datacell" type="xstring" value="org.knime.core.data.def.StringCell"/>
<config key="org.knime.core.data.def.StringCell">
<entry key="StringCell" type="xstring" value="-8.0"/>
</config>
</config>
</config>
</config>
<config key="column_properties"/>
</config>
</config>
